epoch,step,train_loss,val_ppl_wikitext103
0,499,7.372965335845947,
0,999,6.4407148361206055,
0,1499,6.021112442016602,
0,1999,6.021613597869873,
0,2499,5.987671852111816,
0,2999,5.485579967498779,
0,3499,5.69326114654541,
0,3999,5.23292350769043,
0,4499,5.102768898010254,
0,4999,5.083968639373779,
0,5499,5.229363918304443,
0,5999,5.099283695220947,
0,6499,4.652267932891846,
0,6999,4.744468688964844,
0,7499,5.4157795906066895,
0,7999,4.817884922027588,
0,8499,4.720236778259277,
0,8999,4.765771389007568,
0,9499,4.604284286499023,
0,9999,4.591021537780762,
0,9999,,300.44268798828125
0,10499,4.235570907592773,
0,10999,4.922518730163574,
0,11499,4.514650344848633,
0,11999,4.404109954833984,
0,12499,4.111764907836914,
0,12999,4.28904390335083,
0,13499,4.674468994140625,
0,13999,4.133127212524414,
0,14499,4.257509231567383,
0,14999,4.43235445022583,
0,15499,4.417558670043945,
0,15999,4.371230125427246,
0,16499,4.380487442016602,
0,16999,3.935051202774048,
0,17499,4.250272750854492,
0,17999,4.075088024139404,
0,18499,4.411006927490234,
0,18999,4.329538345336914,
0,19499,3.891958236694336,
0,19999,4.370321273803711,
0,19999,,183.25625610351562
0,20499,4.164883613586426,
0,20999,4.4130539894104,
0,21499,4.080329895019531,
0,21999,3.8942384719848633,
0,22499,4.093467712402344,
0,22999,4.156986713409424,
0,23499,4.252119064331055,
0,23999,4.449650287628174,
0,24499,3.87746524810791,
0,24999,4.183053970336914,
0,25499,4.038702964782715,
0,25999,4.271392822265625,
0,26499,4.01594352722168,
0,26999,4.01837158203125,
0,27499,4.144016742706299,
0,27999,4.0717339515686035,
0,28499,3.8923678398132324,
0,28999,4.067786693572998,
0,29499,3.890834093093872,
0,29999,3.8900651931762695,
0,29999,,151.30194091796875
0,30499,4.069867134094238,
0,30999,4.092094421386719,
0,31499,4.16622257232666,
0,31999,4.0977888107299805,
0,32499,3.8707799911499023,
0,32999,3.9949283599853516,
0,33499,3.916836977005005,
0,33999,4.081844329833984,
0,34499,3.982015609741211,
0,34999,4.042652130126953,
0,35499,3.931065082550049,
0,35999,4.0495710372924805,
0,36499,4.088301658630371,
0,36999,3.9086365699768066,
0,37499,3.8450675010681152,
0,37999,4.174080848693848,
0,38499,3.658942699432373,
0,38999,3.872952938079834,
0,39499,4.045571327209473,
0,39999,4.378897666931152,
0,39999,,132.76162719726562
0,40499,3.807103157043457,
0,40999,4.06530237197876,
0,41499,4.275899887084961,
0,41999,4.044256210327148,
0,42499,3.9443647861480713,
0,42999,4.241995811462402,
0,43499,4.019131660461426,
0,43999,3.6318113803863525,
0,44499,4.108379364013672,
0,44999,4.111082553863525,
0,45499,3.8132386207580566,
0,45999,3.8544251918792725,
0,46499,3.9616339206695557,
0,46999,3.838944911956787,
0,47499,3.8638296127319336,
0,47999,3.538285255432129,
0,48499,4.293743133544922,
0,48999,3.880742073059082,
0,49499,3.932161808013916,
0,49999,3.8856863975524902,
0,49999,,123.67169952392578
0,50499,3.830533266067505,
0,50999,3.8327877521514893,
0,51499,3.855370283126831,
0,51999,3.9041085243225098,
0,52499,3.6843442916870117,
0,52999,3.8558595180511475,
0,53499,3.884215831756592,
0,53999,3.979886054992676,
0,54499,3.950982093811035,
0,54999,4.0196404457092285,
0,55499,4.06491756439209,
0,55999,3.916560649871826,
0,56499,3.8568882942199707,
0,56999,3.8462460041046143,
0,57499,3.9023189544677734,
0,57999,3.887164831161499,
0,58499,3.7904887199401855,
0,58999,3.6147727966308594,
0,59499,3.668044090270996,
0,59999,3.6876890659332275,
0,59999,,116.90485382080078
0,60499,4.059167861938477,
0,60999,3.8386058807373047,
0,61499,3.528920888900757,
0,61999,4.135435104370117,
0,62499,3.836453437805176,
0,62999,3.9181365966796875,
0,63499,4.20564079284668,
0,63999,4.046048164367676,
0,64499,3.6659185886383057,
0,64999,4.7035603523254395,
0,65499,3.900942325592041,
0,65999,3.6940066814422607,
0,66499,3.9503397941589355,
0,66999,4.094152450561523,
0,67499,3.9180994033813477,
0,67999,3.7488393783569336,
0,68499,3.995206832885742,
0,68999,3.71327805519104,
0,69499,3.7220754623413086,
0,69999,3.7082653045654297,
0,69999,,113.62394714355469
0,70499,3.8321146965026855,
0,70999,3.786510467529297,
0,71499,3.6320910453796387,
0,71999,3.6999363899230957,
0,72499,3.7792370319366455,
0,72999,3.9094104766845703,
0,73499,3.6599884033203125,
0,73999,3.627748966217041,
0,74499,3.9322032928466797,
0,74999,3.9052157402038574,
0,75499,3.843122720718384,
0,75999,3.9546544551849365,
0,76499,3.758693218231201,
0,76999,3.7259063720703125,
0,77499,3.90725040435791,
0,77999,3.8015847206115723,
0,78499,4.194881916046143,
0,78999,4.381582736968994,
0,79499,3.919701099395752,
0,79999,3.418532371520996,
0,79999,,113.50785827636719
